66,24,26,24,22,21,43,47,20,110,18,77,26,26,20,28
2
66,24,26,24,22,21,46,47,20,113,18,77,26,26,20,28
2
66,24,26,24,22,21,46,47,20,116,18,77,26,26,20,28
2
66,24,26,24,22,21,46,50,20,119,18,80,26,26,20,28
2
66,24,26,24,22,21,46,50,20,116,18,80,26,26,20,28
2
66,24,26,24,22,21,46,47,20,109,18,77,26,26,20,28
2
66,24,26,24,22,21,46,47,20,112,18,77,26,26,20,28
2
63,24,26,24,22,21,43,43,20,105,18,74,26,26,20,28
2
63,24,26,24,22,21,43,43,20,105,18,71,26,26,20,28
2
66,24,26,24,22,21,46,47,20,116,18,78,26,26,20,28
2
66,24,26,24,22,21,46,47,20,113,18,75,26,26,20,28
2
62,24,26,24,22,21,43,43,20,108,18,72,26,26,20,28
2
62,24,26,24,22,21,43,43,20,111,18,72,26,26,20,28
2
64,24,26,24,22,21,43,47,20,106,18,77,26,26,20,28
2
64,24,26,24,22,21,43,47,20,106,18,74,26,26,20,28
2
64,24,26,24,22,21,43,47,20,109,18,77,26,26,20,28
2
64,24,26,24,22,21,43,47,20,112,18,77,26,26,20,28
2
67,24,26,24,22,21,43,47,20,112,18,77,26,26,20,28
2
67,24,26,24,22,21,43,47,20,116,18,80,26,26,20,28
2
70,24,26,24,22,21,46,51,20,127,18,84,26,26,20,28
2
67,24,26,24,22,21,46,48,20,121,18,78,26,26,20,28
2
67,24,26,24,22,21,46,48,20,124,18,78,26,26,20,28
2
67,24,26,24,22,21,46,48,20,124,18,81,26,26,20,28
2
67,24,26,24,22,21,46,48,20,121,18,78,26,26,20,28
2
67,24,26,24,22,21,46,48,20,127,18,81,26,26,20,28
2
67,24,26,24,22,21,46,48,20,128,18,81,26,26,20,28
2
67,24,26,24,22,21,46,48,20,124,18,78,26,26,20,28
2
67,24,26,24,22,21,46,48,20,124,18,81,26,26,20,28
2
70,24,26,24,22,21,46,48,20,124,18,81,26,26,20,28
2
70,24,26,24,22,21,46,48,20,121,18,81,26,26,20,28
2
67,24,26,24,22,21,46,48,20,121,18,78,26,26,20,28
2
67,24,26,24,22,21,46,48,20,118,18,78,26,26,20,28
2
64,24,26,24,22,21,46,44,20,114,18,74,26,26,20,28
2
61,24,26,24,22,21,46,44,20,108,18,70,26,26,20,28
2
61,24,26,24,22,21,43,44,20,108,18,70,26,26,20,28
2
61,24,26,24,22,21,43,41,20,105,18,70,26,26,20,28
2
58,24,26,24,22,21,40,38,20,100,18,67,26,26,20,28
2
54,24,23,24,22,21,37,34,20,88,18,57,26,26,20,25
2
54,24,23,24,22,21,37,34,20,93,18,57,26,26,20,25
2
55,24,23,24,22,21,40,36,20,94,18,60,26,26,20,25
2
55,24,23,24,22,21,40,36,20,91,18,60,26,26,20,25
2
55,24,23,24,22,21,40,36,20,94,18,60,26,26,20,25
2
52,24,23,24,22,21,40,36,20,91,18,57,26,26,20,25
2
52,24,23,24,22,21,37,33,20,87,18,57,26,26,20,25
2
52,24,23,24,22,21,37,33,20,91,18,57,26,26,20,25
2
49,24,23,24,22,21,37,33,20,87,18,53,26,26,20,25
2
55,24,23,24,22,21,41,36,20,96,18,61,26,26,20,25
2
55,24,23,24,22,21,41,39,20,101,18,65,26,26,20,25
2
55,24,23,24,22,21,41,36,20,96,18,62,26,26,20,25
2
52,24,23,24,22,21,41,36,20,92,18,59,26,26,20,25
2
57,24,23,24,22,21,41,39,20,102,18,66,26,26,20,28
2
57,24,23,24,22,21,41,42,20,102,18,69,26,26,20,28
2
57,24,23,24,22,21,41,39,20,99,18,66,26,26,20,28
2
54,24,23,24,22,21,38,36,20,91,18,58,26,26,20,25
2
54,24,23,24,22,21,38,36,20,95,18,61,26,26,20,25
2
54,24,23,24,22,21,41,36,20,100,18,64,26,26,20,25
2
61,24,23,24,22,21,41,42,20,108,18,70,26,26,20,25
2
61,24,23,24,22,21,41,42,20,104,18,70,26,26,20,25
2
61,24,23,24,22,21,41,42,20,104,18,73,26,26,20,25
2
61,24,23,24,22,21,41,42,20,104,18,69,26,26,20,25
2
55,24,23,24,22,21,41,36,20,96,18,61,26,26,20,25
2
61,24,23,24,22,21,44,43,20,110,18,72,26,26,20,25
2
61,24,23,24,22,21,41,40,20,101,18,67,26,26,20,25
2
66,24,23,24,22,21,41,47,20,113,18,77,26,26,20,25
2
66,24,23,24,22,21,41,47,20,116,18,80,26,26,20,25
2
70,24,26,24,22,21,45,50,20,128,18,86,26,26,20,25
2
68,24,26,24,22,21,42,51,20,118,18,84,26,26,20,26
2
68,24,26,24,22,21,46,51,20,122,18,81,26,26,20,29
2
71,24,26,24,22,21,49,54,20,129,18,85,26,26,20,29
2
62,24,26,24,22,21,45,44,20,107,18,70,26,26,20,29
2
53,24,26,24,22,21,41,35,20,89,18,57,26,26,20,29
2
57,24,26,24,22,21,41,38,20,96,18,64,26,26,20,29
2
57,24,26,24,22,21,41,38,20,100,18,65,26,26,20,26
2
60,24,26,24,22,21,41,41,20,103,18,69,26,26,20,26
2
60,24,26,24,22,21,41,38,20,97,18,64,26,26,20,26
2
62,24,26,24,22,21,41,42,20,103,18,71,26,26,20,26
2
59,24,26,24,22,21,41,42,20,99,18,67,26,26,20,26
2
59,24,26,24,22,21,41,38,20,96,18,64,26,26,20,26
2
59,24,26,24,22,21,41,38,20,98,18,65,26,26,20,26
2
59,24,26,24,22,21,41,41,20,101,18,69,26,26,20,26
2
59,24,26,24,22,21,41,41,20,101,18,66,26,26,20,26
2
55,24,26,24,22,21,41,37,20,94,18,62,26,26,20,26
2
52,24,26,24,22,21,38,34,20,88,18,57,26,26,20,26
2
55,24,26,24,22,21,38,34,20,90,18,60,26,26,20,26
2
61,24,26,24,22,21,41,41,20,102,18,68,26,26,20,26
2
61,24,26,24,22,21,41,41,20,99,18,65,26,26,20,26
2
61,24,26,24,22,21,41,41,20,102,18,68,26,26,20,26
2
61,24,26,24,22,21,41,41,20,99,18,68,26,26,20,26
2
54,24,26,24,22,21,38,35,20,89,18,58,26,26,20,26
2
57,24,26,24,22,21,38,39,20,96,18,65,26,26,20,26
2
60,24,26,24,22,21,38,39,20,99,18,68,26,26,20,26
2
43,24,23,24,22,21,35,27,17,71,18,43,23,26,20,26
2
47,24,23,24,22,21,35,30,17,79,18,48,23,26,20,26
2
47,24,23,24,22,21,35,30,17,82,18,52,23,26,20,26
2
53,24,23,24,22,21,39,36,17,90,18,58,23,26,20,26
2
53,24,23,24,22,21,39,36,17,91,18,58,23,26,20,26
2
44,24,23,24,22,21,36,30,17,75,18,46,23,26,20,26
2
52,24,23,24,22,21,36,34,17,89,18,57,23,26,20,26
2
52,24,23,24,22,21,39,34,17,89,18,57,23,26,20,26
2
55,24,23,24,22,21,39,37,17,92,18,60,23,26,20,26
2
55,24,23,24,22,21,39,34,17,88,18,57,23,26,20,26
2
60,24,23,24,22,21,39,41,17,99,18,68,23,26,20,26
2
57,24,23,24,22,21,39,38,17,94,18,64,23,26,20,26
2
57,24,23,24,22,21,39,38,17,98,18,64,23,26,20,26
2
60,24,23,24,22,21,39,41,17,99,18,67,26,26,20,26
2
60,24,23,24,22,21,39,41,17,99,18,70,26,26,20,26
2
60,24,23,24,22,21,39,41,17,99,18,67,26,26,20,26
2
60,24,23,24,22,21,39,41,17,96,18,67,26,26,20,26
2
57,24,23,24,22,21,39,38,17,93,18,64,26,26,20,26
2
57,24,23,24,22,21,39,38,17,96,18,64,26,26,20,26
2
57,24,23,24,22,21,39,38,17,93,18,64,26,26,20,26
2
54,24,23,24,22,21,39,38,17,89,18,61,26,26,20,26
2
54,24,23,24,22,21,39,38,17,92,18,61,26,26,20,26
2
61,24,23,24,22,21,39,41,17,98,18,68,26,26,20,26
2
61,24,23,24,22,21,39,41,17,101,18,68,26,26,20,26
2
61,24,23,24,22,21,39,41,17,100,18,71,26,26,20,26
2
61,24,23,24,22,21,39,41,20,100,18,71,26,26,20,26
2
64,24,23,24,22,21,39,41,20,100,18,71,26,26,20,26
2
64,24,23,24,22,21,39,44,20,103,18,71,26,26,20,26
2
64,24,23,24,22,21,39,44,20,103,18,74,26,26,20,26
2
64,24,23,24,22,21,39,44,20,106,18,74,26,26,20,26
2
64,24,23,24,22,21,39,44,20,103,18,71,26,26,20,26
2
57,24,23,24,22,21,39,37,20,91,18,61,26,26,20,26
2
57,24,23,24,22,21,39,37,20,94,18,64,26,26,20,26
2
60,24,23,24,22,21,39,40,20,97,18,67,26,26,20,26
2
60,24,23,24,22,21,39,40,20,100,18,70,26,26,20,26
2
60,24,23,24,22,21,39,40,20,100,18,67,26,26,20,26
2
60,24,23,24,22,21,39,40,20,97,18,67,26,26,20,26
2
60,24,23,24,22,21,39,40,20,100,18,67,26,26,20,26
2
60,24,23,24,22,21,39,40,20,97,18,67,26,26,20,26
2
60,24,23,24,22,21,39,40,20,101,18,70,26,26,20,26
2
60,24,23,24,22,21,39,40,20,98,18,67,26,26,20,26
2
60,24,23,24,22,21,39,40,20,102,18,70,26,26,20,26
2
63,24,23,24,22,21,39,43,20,102,18,70,26,26,20,26
2
63,24,23,24,22,21,39,43,20,105,18,70,26,26,20,26
2
63,24,23,24,22,21,39,43,20,101,18,70,26,26,20,26
2
63,24,23,24,22,21,39,43,20,104,18,70,26,26,20,26
2
63,24,23,24,22,21,39,43,20,109,18,75,26,26,20,26
2
66,24,26,24,22,21,42,46,20,112,18,75,26,26,20,26
2
62,24,26,24,22,21,42,42,20,103,18,69,26,26,20,26
2
52,24,26,24,22,21,38,36,20,90,18,56,26,26,20,26
2
59,24,26,24,22,21,41,39,20,98,18,64,26,26,20,26
2
56,24,26,24,22,21,41,39,20,98,18,61,26,26,20,26
2
56,24,26,24,22,21,41,35,20,93,18,61,26,26,20,26
2
56,24,26,24,22,21,41,38,20,99,18,64,26,26,20,26
2
65,24,23,24,22,21,41,43,20,109,18,75,26,26,20,26
2
62,24,23,24,22,21,41,43,20,106,18,72,26,26,20,26
2
62,24,23,24,22,21,41,43,20,102,18,69,26,26,20,26
2
62,24,23,24,22,21,41,43,20,106,18,74,26,26,20,26
2
62,24,23,24,22,21,41,43,20,106,18,71,26,26,20,26
2
69,24,23,24,22,21,41,46,20,117,18,79,26,26,20,23
2
69,24,26,24,22,21,41,46,20,117,18,79,26,26,20,23
2
69,24,26,24,22,21,41,46,20,114,18,79,26,26,20,23
2
66,24,26,24,22,21,41,46,20,111,18,74,26,26,20,23
2
66,24,26,24,22,21,41,43,20,114,18,74,26,26,20,23
2
69,24,26,24,22,21,41,47,20,119,18,78,26,26,20,23
2
69,24,26,24,22,21,41,47,20,114,18,78,26,26,20,23
2
66,24,26,24,22,21,41,44,20,114,18,74,26,26,20,23
2
63,24,26,24,22,21,41,40,20,105,18,70,26,26,20,23
2
59,24,26,24,22,21,38,40,20,100,18,63,26,26,20,23
2
63,24,26,24,22,21,41,40,20,107,18,69,26,26,20,23
2
63,24,26,24,22,21,41,43,20,111,18,73,26,26,20,23
2
63,24,26,24,22,21,41,43,20,111,18,70,26,26,20,23
2
57,24,26,24,22,21,41,40,20,102,18,63,26,26,20,23
2
60,24,26,24,22,21,41,40,20,105,18,66,26,26,20,23
2
53,24,26,24,22,21,41,37,17,93,18,56,23,23,20,23
2
53,24,26,24,22,21,41,37,17,93,18,56,23,23,20,26
2
50,24,23,24,22,21,41,34,17,90,18,53,23,23,20,26
2
50,24,23,24,22,21,41,34,17,93,18,53,23,23,20,26
2
60,24,23,24,22,21,41,41,17,108,18,67,23,23,20,26
2
60,24,23,24,22,21,41,41,17,105,18,67,23,23,20,26
2
60,24,23,24,22,21,41,41,17,105,18,64,23,23,20,26
2
42,24,23,24,22,21,35,28,17,71,18,41,23,23,20,26
2
39,24,23,24,22,21,35,28,17,71,18,41,23,23,20,26
2
39,21,23,24,22,21,35,25,17,71,18,38,23,23,20,26
2
66,24,23,24,22,21,39,44,20,109,18,75,26,23,20,26
2
66,24,23,24,22,21,39,44,20,109,18,75,26,23,20,23
2
66,24,23,24,22,21,39,44,20,106,18,75,26,23,20,23
2
66,24,23,24,22,21,39,44,20,110,18,75,26,23,20,23
2
66,24,23,24,22,21,39,44,20,107,18,75,26,23,20,23
2
66,24,23,24,22,21,39,44,20,110,18,75,26,23,20,23
2
66,24,23,24,22,21,39,44,20,111,18,75,26,23,20,23
2
66,24,23,24,22,21,39,44,20,108,18,75,26,23,20,23
2
66,24,23,24,22,21,39,44,20,108,18,72,26,23,20,23
2
66,24,23,24,22,21,39,44,20,111,18,76,26,23,20,23
2
66,24,23,24,22,21,39,44,20,111,18,73,26,23,20,23
2
66,24,23,24,22,21,42,44,20,111,18,73,26,23,20,23
2
66,24,23,24,22,21,42,44,20,114,18,73,26,23,20,23
2
66,24,23,24,22,21,42,47,20,117,18,79,26,26,20,26
2
66,24,23,24,22,21,42,47,20,121,18,79,26,26,20,26
2
66,24,26,24,22,21,45,47,20,125,18,79,26,26,20,26
2
66,24,26,24,22,21,45,47,20,121,18,79,26,26,20,26
2
66,24,26,24,22,21,45,47,20,121,18,79,26,26,20,23
2
66,24,26,24,22,21,42,47,20,115,18,75,26,26,20,23
2
66,24,26,24,22,21,42,43,20,109,18,71,26,26,20,23
2
63,24,26,24,22,21,42,43,20,109,18,71,26,26,20,23
2
63,24,26,24,22,21,39,43,20,109,18,71,26,26,20,23
2
60,24,26,24,22,21,39,40,20,106,18,68,26,26,20,23
2
56,24,26,24,22,21,36,36,20,90,18,62,26,26,20,23
2
53,24,26,24,22,21,36,36,20,86,18,59,26,26,20,23
2
53,24,26,24,22,21,36,33,20,86,18,59,26,26,20,23
2
60,24,26,24,22,21,36,39,20,93,18,65,26,26,20,23
2
63,24,26,24,22,21,36,39,20,97,18,69,26,26,20,23
2
60,24,26,24,22,21,36,39,20,94,18,64,26,26,20,23
2
61,24,26,24,22,21,41,43,20,103,18,69,26,26,20,26
2
61,24,26,24,22,21,41,40,20,98,18,69,26,26,20,26
2
58,24,26,24,22,21,38,37,20,91,18,62,26,26,20,26
2
55,24,26,24,22,21,38,37,20,89,18,62,26,26,20,26
2
58,24,26,24,22,21,38,37,20,93,18,65,26,26,20,26
2
55,24,26,24,22,21,38,37,20,89,18,62,26,26,20,26
2
58,24,26,24,22,21,38,37,20,93,18,62,26,26,20,26
2
58,24,26,24,22,21,38,37,20,96,18,65,26,26,20,26
2
52,24,26,24,22,21,35,34,20,83,18,54,26,26,20,26
2
57,24,26,24,22,21,38,38,20,93,18,63,26,26,20,26
2
57,24,26,24,22,21,38,38,20,93,18,60,26,26,20,26
2
57,24,26,24,22,21,38,38,20,93,18,63,26,26,20,26
2
57,24,26,24,22,21,38,38,20,90,18,60,26,26,20,26
2
54,24,26,24,22,21,38,35,20,90,18,60,26,26,20,26
2
54,24,26,24,22,21,38,35,20,87,18,57,26,26,20,26
2
54,24,26,24,22,21,38,35,20,90,18,60,26,26,20,26
2
57,24,26,24,22,21,38,35,20,93,18,60,26,26,20,26
2
57,24,26,24,22,21,38,38,20,93,18,63,26,26,20,26
2
57,24,26,24,22,21,38,38,20,93,18,60,26,26,20,26
2
53,24,26,24,22,21,38,35,20,86,18,57,26,26,20,26
2
53,24,26,24,22,21,38,35,20,90,18,60,26,26,20,26
2
53,24,26,24,22,21,38,35,20,87,18,60,26,26,20,26
2
63,24,26,24,22,21,38,41,20,101,18,70,26,26,20,26
2
63,24,26,24,22,21,38,44,20,105,18,73,26,26,20,26
2
63,24,26,24,22,21,38,44,20,102,18,73,26,26,20,26
2
63,24,26,24,22,21,38,44,20,105,18,73,26,26,20,26
2
66,24,26,24,22,21,38,44,20,108,18,73,26,26,20,26
2
66,24,26,24,22,21,38,44,20,105,18,73,26,26,20,26
2
66,24,26,24,22,21,38,44,20,102,18,73,26,26,20,26
2
63,24,26,24,22,21,38,44,20,102,18,73,26,26,20,26
2
63,24,26,24,22,21,38,44,20,102,18,70,26,26,20,26
2
63,24,26,24,22,21,38,44,20,102,18,73,26,26,20,26
2
63,24,26,24,22,21,38,44,20,105,18,73,26,26,20,26
2
59,24,26,24,22,21,38,40,20,91,18,64,26,26,20,26
2
59,24,26,24,22,21,38,37,20,91,18,64,26,26,20,26
2
59,24,26,24,22,21,38,37,20,94,18,64,26,26,20,26
2
56,24,26,24,22,21,38,37,20,91,18,60,26,26,20,26
2
56,24,26,24,22,21,38,37,20,91,18,63,26,26,20,26
2
56,24,26,24,22,21,38,37,20,91,18,60,26,26,20,26
2
56,24,26,24,22,21,38,37,20,91,18,63,26,26,20,26
2
56,24,26,24,22,21,38,37,20,88,18,60,26,26,20,26
2
56,24,26,24,22,21,38,37,20,91,18,60,26,26,20,26
2
56,24,26,24,22,21,38,37,20,88,18,60,26,26,20,26
2
56,24,26,24,22,21,38,37,20,91,18,63,26,26,20,26
2
56,24,26,24,22,21,38,37,20,91,18,60,26,26,20,26
2
53,24,26,24,22,21,38,34,20,87,18,57,26,26,20,26
2
53,24,26,24,22,21,38,34,20,84,18,57,26,26,20,26
2
53,24,26,24,22,21,38,34,20,87,18,57,26,26,20,26
2
56,24,26,24,22,21,38,37,20,90,18,60,26,26,20,26
2
56,24,26,24,22,21,38,37,20,94,18,63,26,26,20,26
2
62,24,26,24,22,21,41,43,20,103,18,68,26,26,20,26
2
59,24,26,24,22,21,41,40,20,100,18,65,26,26,20,26
2
62,24,26,24,22,21,41,40,20,100,18,69,26,26,20,26
2
62,24,26,24,22,21,41,40,20,103,18,69,26,26,20,26
2
65,24,26,24,22,21,41,46,20,111,18,75,26,26,20,26
2
65,24,26,24,22,21,44,46,20,114,18,75,26,26,20,26
2
65,24,26,24,22,21,44,43,20,107,18,72,26,26,20,26
2
55,24,26,24,22,21,40,37,20,94,18,62,26,26,20,26
2
55,24,26,24,22,21,40,37,20,91,18,62,26,26,20,26
2
59,24,26,24,22,21,40,40,20,99,18,65,26,26,20,26
2
64,24,26,24,22,21,40,44,20,107,18,73,26,26,20,26
2
64,24,26,24,22,21,40,44,20,104,18,73,26,26,20,26
2
64,24,26,24,22,21,40,41,20,99,18,69,26,26,20,26
2
61,24,26,24,22,21,40,41,20,99,18,69,26,26,20,26
2
61,24,26,24,22,21,40,41,20,102,18,69,26,26,20,26
2
64,24,26,24,22,21,43,44,20,110,18,72,26,26,20,26
2
64,24,26,24,22,21,43,44,20,113,18,75,26,26,20,26
2
64,24,26,24,22,21,43,44,20,107,18,70,26,26,20,26
2
61,24,26,24,22,21,43,44,20,107,18,70,26,26,20,26
2
64,24,26,24,22,21,43,44,20,107,18,70,26,26,20,26
2
64,24,26,24,22,21,40,44,20,107,18,74,26,26,20,26
2
64,24,26,24,22,21,40,44,20,101,18,70,26,26,20,26
2
61,24,26,24,22,21,40,41,20,98,18,70,26,26,20,26
2
61,24,26,24,22,21,40,41,20,102,18,70,26,26,20,26
2
61,24,26,24,22,21,40,41,20,99,18,70,26,26,20,26
2
61,24,26,24,22,21,40,42,20,102,18,69,26,26,20,26
2
61,24,26,24,22,21,40,42,20,99,18,69,26,26,20,26
2
61,24,26,24,22,21,40,42,20,99,18,66,26,26,20,26
2
61,24,26,24,22,21,40,39,20,99,18,66,26,26,20,26
2
61,24,26,24,22,21,40,42,20,102,18,70,26,26,20,26
2
61,24,26,24,22,21,40,42,20,99,18,70,26,26,20,26
2
58,24,26,24,22,21,37,38,20,89,18,63,26,26,20,26
2
54,24,26,24,22,21,37,35,20,86,18,58,26,26,20,26
2
47,24,23,24,22,21,34,29,17,75,18,48,23,26,20,26
2
47,24,23,24,22,21,34,29,17,72,18,48,23,26,20,26
2
44,24,23,24,22,21,34,29,17,72,18,48,23,26,20,26
2
55,24,23,24,22,21,38,37,17,89,18,60,23,26,20,26
2
61,24,23,24,22,21,38,40,17,96,18,67,23,26,20,26
2
54,24,23,24,22,21,32,35,17,82,18,59,26,26,20,23
2
51,24,23,24,22,21,32,32,17,79,18,54,26,26,20,23
2
51,24,23,24,22,21,32,32,17,76,18,53,26,26,20,23
2
57,24,23,24,22,21,35,35,17,86,18,62,26,26,20,23
2
57,24,23,24,22,21,35,35,17,86,18,59,26,26,20,23
2
57,24,23,24,22,21,35,35,17,89,18,62,26,26,20,23
2
60,24,23,24,22,21,35,38,17,92,18,65,26,26,20,23
2
60,24,23,24,22,21,35,38,17,88,18,62,26,26,20,23
2
60,24,23,24,22,21,35,38,17,92,18,62,26,26,20,23
2
57,24,23,24,22,21,35,38,17,89,18,62,26,26,20,23
2
60,24,23,24,22,21,35,38,17,92,18,65,26,26,20,23
2
56,24,23,24,22,21,35,35,17,85,18,59,26,26,20,23
2
56,24,23,24,22,21,35,35,17,84,18,59,26,26,20,23
2
42,24,23,24,22,21,29,27,17,60,18,41,23,23,20,23
2
60,24,23,24,22,21,37,38,17,99,18,67,23,23,20,23
2
63,24,23,24,22,21,40,41,17,110,18,70,23,23,20,23
2
63,24,23,24,22,21,40,41,17,103,18,66,23,23,20,23
2
59,24,23,24,22,21,40,37,17,97,18,62,23,23,20,23
2
63,24,23,24,22,21,40,41,17,105,18,69,23,23,20,23
2
60,24,23,24,22,21,40,38,17,101,18,66,23,23,20,23
2
60,24,23,24,22,21,40,38,17,96,18,62,23,23,20,23
2
57,24,23,24,22,21,37,35,17,89,18,58,23,23,20,23
2
51,24,23,24,22,21,37,32,17,84,18,52,23,23,20,23
2
48,24,23,24,22,21,34,29,17,76,18,47,23,23,20,23
2
44,24,23,24,22,21,31,26,17,66,18,40,23,23,20,23
2
41,24,23,24,22,21,31,26,17,66,18,37,23,23,20,23
2
41,24,23,24,22,21,31,26,17,63,18,37,23,23,20,23
2
41,21,23,24,22,21,31,26,17,63,18,37,23,23,20,23
2
38,21,23,24,22,21,31,23,17,60,18,34,23,23,20,23
2
41,21,23,24,22,21,31,26,17,63,18,40,23,23,20,23
2
59,24,23,24,22,21,36,38,17,95,18,67,23,23,20,23
2
62,24,23,24,22,21,36,38,17,95,18,67,23,23,20,23
2
62,24,23,24,22,21,36,38,17,95,18,64,23,23,20,23
2
59,24,23,24,22,21,36,38,17,92,18,64,23,23,20,23
2
59,24,23,24,22,21,36,38,17,92,18,61,23,23,20,23
2
56,24,23,24,22,21,36,38,17,89,18,61,23,23,20,23
2
56,24,23,24,22,21,36,35,17,86,18,58,23,23,20,23
2
53,24,23,24,22,21,36,35,17,83,18,55,23,23,20,23
2
50,24,23,24,22,21,36,31,17,78,18,50,23,23,20,23
2
50,24,23,24,22,21,36,31,17,81,18,53,23,23,20,23
2
50,24,23,24,22,21,36,31,17,81,18,50,23,23,20,23
2
61,24,23,24,22,21,39,41,17,98,18,66,23,23,20,23
2
61,24,23,24,22,21,39,38,17,94,18,63,23,23,20,23
2
57,24,23,24,22,21,39,38,17,91,18,60,23,23,20,23
2
57,24,23,24,22,21,39,35,17,88,18,60,23,23,20,23
2
57,24,23,24,22,21,36,35,17,88,18,57,23,23,20,23
2
54,24,23,24,22,21,36,35,17,85,18,57,23,23,20,23
2
51,24,23,24,22,21,36,32,17,81,18,54,23,23,20,23
2
51,24,23,24,22,21,36,32,17,84,18,54,23,23,20,23
2
51,24,23,24,22,21,36,32,17,81,18,54,23,23,20,23
2
51,24,23,24,22,21,36,32,17,81,18,51,23,23,20,23
2
51,24,23,24,22,21,36,32,17,78,18,51,23,23,20,23
2
48,24,23,24,22,21,33,32,17,75,18,48,23,23,20,23
2
44,24,23,24,22,21,33,26,17,69,18,42,23,23,20,23
2
52,24,23,24,22,21,36,32,17,83,18,55,23,23,20,23
2
52,24,23,24,22,21,36,35,17,86,18,55,23,23,20,23
2
52,24,23,24,22,21,36,35,17,83,18,55,23,23,20,23
2
49,24,23,24,22,21,36,31,17,77,18,51,23,23,20,23
2
49,24,23,24,22,21,36,31,17,80,18,51,23,23,20,23
2
63,24,23,24,22,21,40,41,17,106,18,69,23,23,20,23
2
63,24,26,24,22,21,40,41,17,100,18,69,23,23,20,23
2
67,24,26,24,22,21,40,46,20,113,18,77,26,23,20,23
2
67,24,26,24,22,21,40,46,20,109,18,74,26,23,20,23
2
58,24,26,24,22,21,40,40,20,94,18,64,26,23,20,26
2
58,24,26,24,22,21,40,40,20,97,18,64,26,23,20,26
2
58,24,26,24,22,21,40,40,20,97,18,67,26,23,20,26
2
58,24,26,24,22,21,40,40,20,97,18,64,26,23,20,26
2
61,24,26,24,22,21,40,44,20,105,18,72,26,23,20,26
2
61,24,26,24,22,21,40,44,20,102,18,72,26,23,20,26
2
61,24,26,24,22,21,40,44,20,102,18,69,26,23,20,26
2
61,24,26,24,22,21,40,40,20,102,18,69,26,23,20,26
2
57,24,26,24,22,21,37,37,20,93,18,63,26,23,20,23
2
51,24,26,24,22,21,37,33,20,85,18,55,26,23,20,23
2
61,24,26,24,22,21,37,41,20,91,18,65,26,23,20,23
2
56,24,26,24,22,21,37,36,20,86,18,59,26,23,20,23
2
59,24,26,24,22,21,37,40,20,94,18,65,26,23,20,23
2
52,24,26,24,22,21,34,33,20,82,18,57,26,23,20,23
2
52,24,26,24,22,21,34,33,20,85,18,57,26,23,20,23
2
55,24,26,24,22,21,34,37,20,90,18,62,26,23,20,23
2
52,24,26,24,22,21,34,37,20,90,18,58,26,23,20,23
2
52,24,23,24,22,21,34,33,20,87,18,58,26,23,20,23
2
49,24,23,24,22,21,34,33,20,83,18,55,26,23,20,23
2
52,24,23,24,22,21,34,33,20,83,18,55,26,23,20,23
2
48,24,23,24,22,21,34,30,20,75,18,51,26,23,20,26
2
48,24,23,24,22,21,34,30,20,78,18,51,26,23,20,26
2
43,24,23,24,22,21,31,27,17,68,18,44,26,23,20,26
2
47,24,23,24,22,21,31,30,17,77,18,51,26,23,20,26
2
47,24,23,24,22,21,31,30,17,74,18,48,26,23,20,26
2
44,24,23,24,22,21,31,30,17,71,18,48,26,23,20,26
2
37,21,23,24,22,21,31,23,17,59,18,35,23,23,20,23
2
53,21,23,24,22,21,34,35,17,84,18,57,23,23,20,23
2
56,21,23,24,22,21,34,35,17,87,18,60,23,23,20,23
2
53,21,23,24,22,21,34,35,17,87,18,57,23,23,20,23
2
53,21,23,24,22,21,37,35,17,87,18,57,23,23,20,23
2
53,21,23,24,22,21,37,35,17,82,18,54,23,23,20,23
2
53,21,23,24,22,21,37,35,17,85,18,57,23,23,20,23
2
53,21,23,24,22,21,37,35,17,88,18,57,23,23,20,23
2
53,21,23,24,22,21,37,35,17,85,18,57,23,23,20,23
2
53,21,23,24,22,21,37,35,17,88,18,57,23,23,20,23
2
56,24,23,24,22,21,37,38,17,91,18,60,23,23,20,23
2
56,24,23,24,22,21,37,38,17,88,18,60,23,23,20,23
2
56,24,23,24,22,21,37,38,17,88,18,57,23,23,20,23
2
56,24,23,24,22,21,37,38,17,88,18,60,23,23,20,23
2
56,24,23,24,22,21,37,35,17,84,18,60,23,23,20,23
2
56,24,23,24,22,21,37,35,17,84,18,57,23,23,20,23
2
59,24,23,24,22,21,40,38,17,96,18,63,23,23,20,23
2
56,24,23,24,22,21,37,38,17,87,18,60,23,23,20,26
2
55,24,26,24,22,21,37,35,17,86,18,57,23,23,20,26
2
55,24,26,24,22,21,37,35,17,89,18,57,23,23,20,26
2
55,24,26,24,22,21,37,35,17,86,18,57,23,23,20,26
2
48,24,26,24,22,21,34,31,17,75,18,49,23,23,20,26
2
52,24,26,24,22,21,34,34,17,79,18,52,23,23,20,26
2
49,24,26,24,22,21,34,31,17,76,18,49,23,23,20,26
2
49,24,26,24,22,21,34,31,17,79,18,52,23,23,20,26
2
52,24,26,24,22,21,34,31,17,79,18,52,23,23,20,26
2
52,24,26,24,22,21,34,34,17,82,18,52,23,23,20,26
2
52,24,26,24,22,21,37,34,17,82,18,55,23,23,20,26
2
52,24,26,24,22,21,37,34,17,85,18,55,23,23,20,26
2
52,24,26,24,22,21,37,34,17,82,18,55,23,23,20,26
2
55,24,26,24,22,21,37,34,17,85,18,58,23,23,20,26
2
55,24,26,24,22,21,37,37,17,88,18,58,23,23,20,26
2
55,24,26,24,22,21,37,37,17,88,18,61,23,23,20,26
2
58,24,26,24,22,21,37,37,17,91,18,61,23,23,20,26
2
58,24,26,24,22,21,37,37,17,88,18,61,23,23,20,26
2
58,24,26,24,22,21,37,37,17,91,18,61,23,23,20,26
2
58,24,26,24,22,21,40,41,17,95,18,65,23,23,20,26
2
64,24,26,24,22,21,40,44,17,108,18,75,23,23,20,26
2
55,24,26,24,22,21,40,37,17,93,18,62,23,23,20,26
2
55,24,26,24,22,21,40,37,17,93,18,59,23,23,20,26
2
55,24,26,24,22,21,40,37,17,93,18,62,23,23,20,26
2
58,24,26,24,22,21,40,40,17,96,18,65,23,23,20,26
2
61,24,26,24,22,21,40,44,17,102,18,69,26,23,20,26
2
66,24,26,24,22,21,46,50,20,125,18,81,26,26,20,26
2
69,24,26,24,22,21,46,53,20,132,18,85,26,26,20,26
2
50,24,26,24,22,21,35,35,20,78,18,56,26,26,20,26
2
53,24,26,24,22,21,35,35,20,85,18,59,26,26,20,26
2
49,24,26,24,22,21,35,35,20,76,18,56,26,26,20,26
2
49,24,26,24,22,21,35,35,20,79,18,56,26,26,20,26
2
42,21,23,24,22,21,31,27,20,62,18,44,26,26,20,26
2
44,21,23,24,22,21,31,31,20,74,18,47,26,26,20,26
2
44,21,23,24,22,21,31,31,20,74,18,50,26,26,20,26
2
41,21,23,24,22,21,31,28,17,68,18,45,26,26,20,26
2
45,21,23,24,22,21,31,28,17,71,18,48,26,26,20,26
2
38,21,23,24,22,21,31,25,17,61,18,39,26,26,20,26
2
44,21,23,24,22,21,31,28,17,71,18,45,26,26,20,26
2
41,21,23,24,22,21,31,28,17,66,18,42,26,26,20,26
2
51,21,23,24,22,21,34,35,20,78,18,56,26,26,20,26
2
48,21,23,24,22,21,34,32,20,71,18,50,26,26,20,26
2
45,21,23,24,22,21,31,29,20,68,18,50,26,26,20,26
2
45,21,23,24,22,21,31,29,20,68,18,47,26,26,20,26
2
42,21,23,24,22,21,31,29,20,62,18,44,26,26,20,26
2
39,21,23,24,22,21,28,26,20,56,18,41,26,26,20,26
2
39,21,23,24,22,21,28,26,20,59,18,41,26,26,20,26
2
43,21,23,24,22,21,31,29,20,66,18,47,26,26,20,26
2
43,21,23,24,22,21,31,29,20,69,18,47,26,26,20,26
2
53,21,23,24,22,21,34,36,20,81,18,59,26,26,20,26
2
45,21,23,24,22,21,31,30,20,67,18,46,26,26,20,26
2
52,21,23,24,22,21,35,35,20,82,18,59,26,26,20,26
2
58,24,23,24,22,21,35,38,20,88,18,65,26,26,20,26
2
55,24,23,24,22,21,35,38,20,84,18,61,26,26,20,26
2
51,21,23,24,22,21,32,32,17,79,18,56,26,26,20,26
2
51,21,23,24,22,21,32,32,17,76,18,53,26,26,20,26
2
48,21,23,24,22,21,32,32,17,76,18,53,26,26,20,26
2
48,21,23,24,22,21,32,32,17,72,18,50,26,26,20,26
2
45,21,23,24,22,21,32,29,17,69,18,47,26,26,20,26
2
45,21,23,24,22,21,32,29,17,69,18,50,26,26,20,26
2
48,21,23,24,22,21,32,29,17,72,18,50,26,26,20,26
2
48,21,23,24,22,21,32,32,17,72,18,50,26,26,20,26
2
48,21,23,24,22,21,32,32,17,76,18,53,26,26,20,26
2
48,21,23,24,22,21,32,32,17,73,18,53,26,26,20,26
2
45,21,23,24,22,21,32,29,17,70,18,47,26,26,20,26
2
41,21,23,24,22,21,32,29,17,66,18,44,26,26,20,26
2
41,21,23,24,22,21,32,29,17,70,18,44,26,26,20,26
2
41,21,23,24,22,21,32,26,17,63,18,44,26,26,20,26
2
41,21,23,24,22,21,29,26,17,63,18,41,26,26,20,26
2
37,21,23,24,22,21,29,26,17,57,18,38,26,26,20,26
2
45,21,23,24,22,21,32,30,17,69,18,49,26,26,20,26
2
48,21,23,24,22,21,32,30,20,69,18,52,26,26,20,26
2
48,21,23,24,22,21,32,30,20,69,18,49,26,26,20,26
2
42,21,23,24,22,21,32,30,20,63,18,45,26,26,20,26
2
42,21,23,24,22,21,29,27,20,63,18,45,26,26,20,26
2
45,21,23,24,22,21,29,30,20,66,18,48,26,26,20,26
2
48,21,23,24,22,21,32,30,20,71,18,51,26,26,20,26
2
45,21,23,24,22,21,32,30,20,68,18,48,26,26,20,26
2
48,21,23,24,22,21,32,33,20,74,18,52,26,26,20,26
2
48,21,23,24,22,21,32,30,20,71,18,49,26,26,20,26
2
45,21,23,24,22,21,32,30,20,68,18,49,26,26,20,26
2
48,21,23,24,22,21,32,30,20,71,18,52,26,26,20,26
2
45,21,23,24,22,21,32,30,20,68,18,49,26,26,20,26
2
48,21,23,24,22,21,32,30,20,71,18,52,26,26,20,26
2
42,21,23,24,22,21,32,30,20,65,18,45,26,26,20,26
2
39,21,23,24,22,21,28,27,20,56,18,41,26,26,20,26
2
42,21,23,24,22,21,28,27,20,63,18,45,26,26,20,26
2
42,21,23,24,22,21,28,27,20,60,18,42,26,26,20,26
2
42,21,23,24,22,21,28,27,20,60,18,45,26,26,20,26
2
42,21,23,24,22,21,28,27,20,60,18,42,26,26,20,26
2
42,21,23,24,22,21,28,27,20,65,18,45,26,26,20,26
2
45,21,23,24,22,21,28,30,20,65,18,48,26,26,20,26
2
45,21,23,24,22,21,31,30,20,65,18,48,26,26,20,26
2
42,21,23,24,22,21,31,30,20,65,18,45,26,26,20,26
2
39,21,23,24,22,21,28,27,20,58,18,42,26,26,20,26
2
44,21,23,24,22,21,31,30,20,65,18,48,26,26,20,26
2
44,21,23,24,22,21,31,30,20,68,18,48,26,26,20,26
2
41,21,23,24,22,21,28,26,20,58,18,42,26,26,20,26
2
41,21,23,24,22,21,28,26,20,61,18,45,26,26,20,26
2
44,21,23,24,22,21,28,29,20,64,18,45,26,26,20,26
2
44,21,23,24,22,21,28,29,20,64,18,48,26,26,20,26
2
42,22,23,23,22,21,34,28,17,70,16,43,23,25,21,25
2
50,22,23,23,22,21,34,31,17,79,16,52,26,25,21,25
2
50,22,23,23,22,21,34,31,17,79,16,48,26,25,21,25
2
46,22,23,23,22,21,34,31,17,71,16,45,26,25,21,22
2
46,22,23,23,22,21,31,28,17,70,16,42,26,25,21,22
2
42,22,23,23,22,21,31,28,17,65,16,42,26,25,21,22
2
48,22,23,23,22,21,31,31,17,73,16,48,26,25,21,22
2
59,25,23,23,22,21,34,39,20,90,19,61,26,25,21,22
2
56,25,26,23,22,21,34,36,20,89,19,58,26,25,21,22
2
62,25,26,23,22,21,48,49,20,126,19,75,26,25,21,25
2
44,25,26,23,22,21,40,31,20,83,19,44,26,25,21,25
2
43,25,23,23,22,21,36,28,20,79,19,42,26,25,21,25
2
53,25,23,23,22,21,42,38,20,101,19,60,26,25,21,25
2
44,25,23,23,22,21,40,28,17,91,16,44,23,25,21,22
2
41,25,23,23,22,21,37,28,17,80,16,38,23,25,21,22
2
46,25,23,23,22,21,39,29,17,90,16,44,23,25,21,22
2
46,25,26,23,22,21,36,30,17,76,16,45,26,25,21,22
2
52,25,26,23,22,21,39,36,17,97,16,58,26,25,21,22
2
44,25,23,23,22,21,35,27,17,73,16,43,26,25,21,22
2
48,25,23,23,22,21,38,33,17,84,16,51,26,25,21,22
2
48,25,23,23,22,21,38,33,17,80,16,48,26,25,21,22
2
48,25,23,23,22,21,38,33,17,84,16,51,26,25,21,22
2
44,25,23,23,22,21,38,30,17,77,16,42,26,25,21,22
2
44,25,23,23,22,21,38,30,17,80,16,42,26,25,21,22
2
44,25,23,23,22,21,38,30,17,80,16,46,26,25,21,22
2
40,22,23,23,22,21,35,27,17,73,16,39,23,25,21,22
2
36,22,23,23,22,21,31,23,17,59,16,30,23,25,21,22
2
36,22,23,23,22,21,31,23,17,67,16,34,23,25,21,25
2
40,22,23,23,22,21,34,27,17,76,16,39,23,25,21,25
2
36,22,23,23,22,21,34,26,17,71,16,35,23,25,21,25
2
42,22,23,23,22,21,37,29,17,80,16,41,23,25,21,25
2
42,22,23,23,22,21,37,29,17,84,16,41,23,25,21,25
2
42,22,23,23,22,21,37,29,17,84,16,44,23,25,21,25
2
51,22,23,23,22,21,40,36,17,95,16,55,23,25,21,25
2
59,25,26,23,22,21,43,43,20,112,16,67,26,25,21,25
2
62,25,26,23,22,21,47,46,20,115,19,68,26,25,21,25
2
66,25,26,23,22,21,47,50,20,127,19,77,26,25,21,25
2
62,25,26,23,22,21,46,47,20,125,19,73,26,25,21,25
2
59,25,26,23,22,21,46,44,20,115,19,65,26,25,21,25
2
59,25,26,26,22,21,42,40,20,107,19,62,26,25,21,22
2
53,25,26,26,22,21,45,36,20,114,19,57,26,25,21,25
2
53,25,23,23,22,21,48,39,20,118,19,59,26,25,21,25
2
53,25,23,23,22,21,48,36,20,113,19,55,26,25,21,25
2
66,25,26,23,22,21,51,48,20,136,19,75,26,25,21,25
2
66,25,26,23,22,21,48,45,20,126,19,72,26,25,21,25
2
69,25,26,23,22,21,48,51,20,140,19,78,26,25,21,25
2
60,25,26,23,22,21,45,43,20,121,19,64,26,25,21,22
2
60,25,26,23,22,21,45,43,20,116,19,64,26,25,21,22
2
54,25,26,23,22,21,45,36,20,105,19,54,26,25,21,22
2
54,25,26,23,22,21,45,36,20,109,19,58,26,25,21,22
2
57,25,26,23,22,21,45,39,20,112,19,61,26,25,21,22
2
52,25,26,23,22,21,42,35,20,99,19,53,26,25,21,22
2
52,25,26,23,22,21,42,35,20,102,19,53,26,25,21,22
2
55,25,26,23,22,21,42,35,20,105,19,56,26,25,21,22
2
42,25,23,23,22,21,38,28,17,83,19,40,23,25,21,22
2
60,25,23,23,22,21,45,43,17,118,19,66,23,25,21,22
2
53,25,23,23,22,21,42,36,17,105,19,55,23,25,21,22
2
47,25,23,23,22,21,39,33,17,91,19,48,23,25,21,22
2
47,25,23,23,22,21,39,30,17,87,19,45,23,25,21,22
2
44,25,23,23,22,21,39,30,17,83,19,45,23,25,21,22
2
44,25,23,23,22,21,36,30,17,79,19,41,23,25,21,22
2
44,25,23,23,22,21,36,30,17,87,19,44,23,25,21,22
2
44,25,23,23,22,21,36,30,17,84,19,44,23,25,21,22
2
47,25,23,23,22,21,39,30,17,89,19,44,23,25,21,22
2
47,25,23,23,22,21,39,30,17,89,19,47,23,25,21,22
2
47,25,23,23,22,21,39,30,17,86,19,47,23,25,21,22
2
53,25,23,23,22,21,39,33,17,98,19,54,23,25,21,22
2
56,25,23,23,22,21,45,41,17,115,19,63,23,25,21,22
2
53,25,23,23,22,21,42,35,17,108,19,57,23,25,21,22
2
49,25,23,23,22,21,39,33,17,91,19,51,23,25,21,22
2
46,25,23,23,22,21,39,30,17,84,19,46,23,25,21,22
2
43,25,23,23,22,21,36,30,17,81,19,43,23,25,21,22
2
46,25,23,23,22,21,36,30,17,85,19,46,23,25,21,22
2
46,25,23,23,22,21,36,30,17,81,19,43,23,25,21,22
2
43,25,23,23,22,21,36,30,17,81,19,43,23,25,21,22
2
43,25,23,23,22,21,36,30,17,85,19,43,23,25,21,22
2
46,25,23,23,22,21,36,30,17,86,19,46,23,25,21,22
2
43,25,23,23,22,21,36,30,17,82,19,43,23,25,21,22
2
43,25,23,23,22,21,36,30,17,85,19,43,23,25,21,22
2
43,25,23,23,22,21,36,30,17,82,19,43,23,25,21,22
2
47,25,23,23,22,21,36,30,17,85,19,46,23,25,21,22
2
57,25,23,23,22,21,42,40,17,105,19,61,23,25,21,25
2
59,25,23,23,22,21,45,39,17,117,19,63,23,25,21,22
2
62,25,26,23,22,21,48,46,17,126,19,69,23,25,21,22
2
62,25,26,23,22,21,48,46,17,123,19,66,23,25,21,22
2
46,25,26,23,22,21,40,33,17,87,19,48,23,25,21,22
2
46,25,26,23,22,21,40,33,17,87,19,48,23,25,21,22
2
49,25,26,23,22,21,40,36,17,92,19,52,23,25,21,22
2
49,25,26,23,22,21,40,36,17,95,19,55,23,25,21,22
2
49,25,26,23,22,21,43,36,17,98,19,55,23,25,21,22
2
49,25,26,23,22,21,43,36,17,95,19,52,23,25,21,22
2
49,25,26,23,22,21,40,33,17,92,19,49,23,25,21,22
2
49,25,26,23,22,21,40,33,17,88,19,49,23,25,21,22
2
52,25,26,23,22,21,40,33,17,94,19,51,23,25,21,22
2
46,25,26,23,22,21,40,33,17,86,19,45,23,25,21,22
2
49,25,26,23,22,21,40,33,17,92,19,50,23,25,21,22
2
52,25,26,23,22,21,40,33,17,96,19,53,23,25,21,22
2
59,25,26,23,22,21,44,40,17,109,19,61,23,25,21,22
2
53,25,26,23,22,21,41,37,17,97,19,54,23,25,21,22
2
50,25,26,23,22,21,41,34,17,93,19,51,23,25,21,22
2
50,25,26,23,22,21,41,34,17,96,19,54,23,25,21,22
2
53,25,26,23,22,21,41,34,17,96,19,54,23,25,21,22
2
48,25,26,23,22,21,41,34,17,92,19,48,23,25,21,22
2
56,25,26,23,22,21,44,39,17,109,19,60,23,25,21,22
2
56,25,26,23,22,21,44,39,17,108,19,60,23,25,21,22
2
44,25,23,23,22,21,38,31,17,83,19,43,23,25,21,22
2
44,25,23,23,22,21,38,31,17,80,16,43,23,25,21,22
2
44,25,23,23,22,21,38,31,17,76,16,43,23,25,21,22
2
44,25,23,23,22,21,38,31,17,79,16,43,23,25,21,22
2
44,25,23,23,22,21,38,31,17,85,16,47,23,25,21,22
2
44,25,23,23,22,21,38,31,17,82,16,47,23,25,21,22
2
48,25,23,23,22,21,38,34,17,86,16,49,23,25,21,22
2
51,25,23,23,22,21,38,34,17,90,16,52,23,25,21,22
2
46,22,23,23,22,21,35,31,17,79,16,46,23,25,21,22
2
40,22,23,23,22,21,31,27,17,65,16,40,23,25,21,22
2
47,22,23,23,22,21,34,30,17,80,16,45,23,25,21,22
2
44,22,23,23,22,21,34,30,17,75,16,45,23,25,21,22
2
41,22,23,23,22,21,34,27,17,72,16,41,23,25,21,22
2
51,22,23,23,22,21,39,34,17,93,16,51,23,25,21,22
2
41,22,23,23,22,21,36,28,17,74,16,38,23,25,21,22
2
41,22,23,23,22,21,33,25,17,69,16,38,23,25,21,22
2
41,22,23,23,22,21,33,25,17,78,16,38,23,25,21,22
2
35,22,23,23,22,21,33,22,17,63,16,33,23,25,21,22
2
41,22,23,23,22,21,33,28,17,75,16,39,23,25,21,22
2
41,22,23,23,22,21,33,28,17,70,16,39,23,25,21,22
2
44,22,23,23,22,21,33,28,17,78,16,42,23,25,21,22
2
44,22,23,23,22,21,33,28,17,75,16,42,23,25,21,22
2
44,22,23,23,22,21,33,28,17,72,16,40,23,25,21,22
2
44,22,23,23,22,21,33,28,17,75,16,40,23,25,21,22
2
44,22,23,23,22,21,37,28,17,82,16,43,23,25,21,22
2
41,22,23,23,22,21,34,28,17,72,16,39,23,25,21,22
2
41,22,23,23,22,21,34,28,17,75,16,39,23,25,21,22
2
55,25,23,23,22,21,43,41,17,103,16,62,23,25,21,25
2
56,25,26,23,22,21,46,41,17,107,16,62,23,25,21,25
2
56,25,26,23,22,21,43,41,17,103,16,62,23,25,21,25
2
51,25,26,23,22,21,43,35,17,96,16,54,23,25,21,25
2
55,25,26,23,22,21,43,39,17,99,16,60,23,25,21,25
2
55,25,26,23,22,21,43,39,17,96,16,57,23,25,21,25
2
59,25,26,23,22,21,43,39,17,102,16,63,23,25,21,25
2
59,25,26,23,22,21,43,42,17,102,16,63,26,25,21,25
2
59,25,26,23,22,21,43,42,17,102,16,66,26,25,21,25
2
59,25,26,23,22,21,43,42,17,106,16,66,26,25,21,25
2
59,25,26,23,22,21,43,42,17,110,16,66,26,25,21,25
2
48,25,26,23,22,21,40,32,17,90,16,49,26,25,21,25
2
51,25,26,23,22,21,40,35,17,98,16,52,26,25,21,25
2
48,25,26,23,22,21,40,35,17,92,16,52,26,25,21,22
2
45,25,23,23,22,21,37,29,17,86,16,44,23,25,21,22
2
48,25,23,23,22,21,40,32,17,93,16,48,23,25,21,22
2
48,25,23,23,22,21,40,32,17,89,16,48,23,25,21,22
2
58,25,23,23,22,21,48,40,17,122,16,65,23,25,21,22
2
46,25,23,23,22,21,41,31,17,94,16,47,23,25,21,22
2
46,25,23,23,22,21,41,29,17,97,16,43,23,25,21,22
2
46,25,23,23,22,21,41,29,17,91,16,46,23,25,21,22
2
51,25,23,23,22,21,41,35,17,97,16,54,23,25,21,22
2
51,25,23,23,22,21,41,35,17,97,16,54,23,25,21,25
2
54,25,23,23,22,21,41,35,17,97,16,57,23,25,21,25
2
58,25,23,23,22,21,44,43,17,106,16,67,26,25,21,25
2
60,25,26,23,22,21,47,47,17,117,16,72,26,25,21,28
2
60,25,26,23,22,21,47,47,17,117,16,69,26,25,21,28
2
60,25,26,23,22,21,44,42,17,111,16,65,26,25,21,25
2
60,25,26,23,22,21,44,42,17,107,16,65,26,25,21,25
2
60,25,26,23,22,21,44,42,17,110,19,65,26,25,21,25
2
63,25,26,23,22,21,44,42,17,110,19,68,26,25,21,25
2
66,25,26,23,22,21,44,46,20,118,19,73,26,25,21,25
2
69,25,26,23,22,21,44,46,20,122,19,76,26,25,21,25
2
66,25,26,23,22,21,44,46,20,115,19,70,26,25,21,25
2
63,25,26,23,22,21,44,43,20,112,19,67,26,25,21,25
2
63,25,26,23,22,21,44,43,20,112,19,67,26,25,21,22
2
63,25,26,23,22,21,44,43,20,115,19,67,26,25,21,22
2
63,25,26,23,22,21,44,43,20,115,19,70,26,25,21,22
2
63,25,26,23,22,21,44,43,20,118,19,70,26,25,21,22
2
67,25,26,23,22,21,44,46,20,123,19,73,26,25,21,22
2
67,25,26,23,22,21,44,46,20,129,19,76,26,25,21,22
2
72,25,26,23,22,21,50,58,20,152,19,84,26,25,21,22
2
76,28,26,23,22,21,50,58,20,155,19,87,26,25,21,22
2
71,28,26,23,22,21,47,53,20,139,19,77,26,25,21,22
2
71,28,26,23,22,21,47,53,20,144,19,80,26,25,21,22
2
74,28,26,23,22,21,47,53,20,148,19,80,26,25,21,22
2
71,28,26,23,22,21,47,50,20,137,19,76,26,25,21,22
2
68,28,26,23,22,21,44,47,20,128,19,73,26,25,21,22
2
68,28,26,23,22,21,44,47,20,126,19,73,26,25,21,22
2
68,28,26,23,22,21,44,47,20,121,19,73,26,25,21,22
2
58,25,26,23,22,21,41,41,20,105,19,62,26,25,21,22
2
58,25,26,23,22,21,41,41,20,108,19,62,26,25,21,22
2
51,25,26,23,22,21,40,35,20,97,19,52,23,25,21,22
2
46,25,23,23,22,21,37,32,17,84,19,44,23,25,21,22
2
54,25,23,23,22,21,41,37,17,98,19,52,23,25,21,22
2
51,25,23,23,22,21,41,37,17,102,19,52,23,25,21,22
2
54,25,23,23,22,21,41,37,17,102,19,55,23,25,21,22
2
50,25,23,23,22,21,38,33,17,93,19,49,23,25,21,22
2
50,25,23,23,22,21,38,33,17,96,19,52,23,25,21,22
2
43,25,23,23,22,21,35,29,17,80,16,41,23,25,21,22
2
49,25,23,23,22,21,39,33,17,91,16,49,23,25,21,22
2
42,25,23,23,22,21,36,27,17,85,16,41,23,25,21,22
2
47,25,23,23,22,21,39,31,17,89,16,46,23,25,21,22
2
50,25,23,23,22,21,39,34,17,94,16,51,23,25,21,22
2
50,25,23,23,22,21,39,34,17,90,16,51,23,25,21,22
2
50,25,23,23,22,21,39,34,17,91,16,47,23,25,21,22
2
50,25,23,23,22,21,39,34,17,100,16,50,23,25,21,22
2
50,25,23,23,22,21,39,34,17,94,16,50,23,25,21,22
2
56,25,23,23,22,21,42,38,17,107,16,59,23,25,21,22
2
52,25,23,23,22,21,42,35,17,98,16,54,23,25,21,22
2
48,25,23,23,22,21,39,32,17,90,16,48,23,25,21,22
2
61,25,23,23,22,21,42,41,17,111,16,63,23,25,21,22
2
61,25,23,23,22,21,42,41,17,114,16,63,23,25,21,22
2
71,25,26,23,22,21,45,51,20,130,19,78,26,25,21,22
2
71,28,26,23,22,21,50,52,20,147,19,79,26,25,21,22
2
74,28,26,23,22,21,50,56,20,162,19,87,26,25,21,22
2
71,28,26,23,22,21,50,56,20,155,19,83,26,25,21,22
2
74,28,26,23,22,21,53,59,20,167,19,88,26,25,21,22
2
65,28,26,23,22,21,49,47,20,135,19,72,26,25,21,22
2
68,28,26,23,22,21,49,47,20,135,19,72,26,25,21,22
2
62,25,26,23,22,21,46,43,20,117,19,68,26,25,21,22
2
67,25,26,23,22,21,46,47,20,126,19,73,26,25,21,22
2
67,25,26,23,22,21,46,47,20,123,19,73,26,25,21,22
2
63,25,26,23,22,21,46,43,20,117,19,67,26,25,21,22
2
64,25,26,23,22,21,46,46,20,120,19,68,26,25,21,22
2
64,25,26,23,22,21,43,46,20,116,19,71,26,25,21,22
2
60,25,26,23,22,21,43,40,20,109,19,64,26,25,21,22
2
66,25,26,23,22,21,43,43,20,116,19,70,26,25,21,22
2
66,25,26,23,22,21,43,43,20,123,19,70,26,25,21,22
2
65,25,26,23,22,21,46,43,20,126,19,70,26,25,21,22
2
65,25,26,23,22,21,46,46,20,126,19,70,26,25,21,22
2
61,25,26,23,22,21,46,43,20,120,19,67,26,25,21,22
2
61,25,26,23,22,21,46,43,20,125,19,67,26,25,21,22
2
64,25,26,23,22,21,46,43,20,125,19,67,26,25,21,22
2
64,25,26,23,22,21,46,43,20,122,19,67,26,25,21,22
2
64,25,26,23,22,21,46,43,20,118,19,67,26,25,21,22
2
64,25,26,23,22,21,46,43,20,121,19,67,26,25,21,22
2
59,25,26,23,22,21,46,43,20,118,19,67,26,25,21,22
2
52,25,26,23,22,21,43,40,20,107,19,60,26,25,21,22
2
57,25,26,23,22,21,43,40,20,111,19,60,26,25,21,22
2
60,25,26,23,22,21,43,40,20,115,19,64,26,25,21,22
2
67,25,26,23,22,21,46,47,20,130,19,72,26,25,21,22
2
64,25,26,23,22,21,46,46,20,132,19,71,26,25,21,22
2
64,25,26,23,22,21,46,46,20,129,19,71,26,25,21,22
2
54,25,26,23,22,21,43,37,20,102,19,56,26,25,21,22
2
57,25,26,23,22,21,43,40,20,116,19,63,26,25,21,22
2
60,25,26,23,22,21,46,42,20,121,19,64,26,25,21,22
2
59,25,26,23,22,21,46,42,20,114,19,61,26,25,21,22
2
59,25,26,23,22,21,46,42,20,117,19,64,26,25,21,22
2
56,25,26,23,22,21,43,39,20,107,19,60,26,25,21,22
2
61,25,26,23,22,21,43,42,20,116,19,64,26,25,21,22
2
60,25,26,23,22,21,47,42,20,122,19,65,26,25,21,22
2
61,25,26,23,22,21,47,45,20,125,19,65,26,25,21,22
2
67,25,26,23,22,21,47,48,20,134,19,73,26,25,21,22
2
64,25,26,23,22,21,46,44,20,132,19,70,26,25,21,22
2
54,25,26,23,22,21,42,36,20,107,19,55,26,25,21,22
2
48,25,26,23,22,21,42,33,17,98,19,49,23,25,21,22
2
51,25,26,23,22,21,42,33,17,98,19,52,23,25,21,22
2
51,25,26,23,22,21,42,36,17,101,19,52,23,25,21,22
2
74,25,26,23,22,21,48,53,20,153,19,82,26,25,21,22
2
52,25,26,23,22,21,42,37,20,103,19,55,23,25,21,22
2
47,25,26,23,22,21,39,34,17,95,19,50,23,25,21,22
2
50,25,26,23,22,21,39,34,17,102,19,50,23,25,21,22
2
57,25,26,23,22,21,43,40,17,119,19,60,23,25,21,22
2
62,25,26,23,22,21,47,44,17,125,19,65,23,25,21,22
2
62,25,26,23,22,21,47,44,17,128,19,68,23,25,21,22
2
62,25,26,23,22,21,47,44,17,122,19,65,23,25,21,22
2
59,25,26,23,22,21,44,41,17,117,19,62,23,25,21,22
2
59,25,26,23,22,21,44,37,17,111,19,57,23,25,21,22
2
56,25,26,23,22,21,44,37,17,108,19,57,23,25,21,22
2
56,25,26,23,22,21,41,37,17,111,19,58,23,25,21,22
2
45,25,23,23,22,21,35,28,17,79,19,40,23,25,21,22
2
45,25,23,23,22,21,35,28,17,79,19,43,23,25,21,22
2
58,22,23,23,22,21,41,38,17,103,16,62,23,25,21,22
2
64,25,26,23,22,21,41,42,17,112,16,67,23,25,21,22
2
43,25,23,23,22,21,37,30,17,84,16,43,23,25,21,22
2
71,25,26,23,22,21,47,49,20,145,19,77,26,25,21,22
2
65,25,26,23,22,21,47,46,20,126,19,70,26,25,21,22
2
65,25,26,23,22,21,47,43,20,120,19,67,26,25,21,22
2
53,25,26,23,22,21,41,38,20,100,19,57,23,25,21,22
2
54,25,23,23,22,21,41,35,17,105,19,56,23,25,21,22
2
48,25,23,23,22,21,38,34,17,90,16,45,23,22,21,22
2
63,25,23,23,22,21,38,44,17,129,16,66,23,22,21,22
2
69,25,26,23,22,21,38,47,20,139,16,72,23,22,21,22
2
69,25,26,23,22,21,38,47,20,133,16,72,23,22,21,22
2
76,25,26,23,22,21,35,50,20,157,19,78,23,22,21,22
2
80,28,26,23,22,21,32,50,20,171,19,81,26,22,21,22
2
77,28,26,23,22,21,32,50,20,162,19,81,26,22,21,22
2
80,28,26,23,22,21,29,50,20,177,19,81,26,22,21,22
2
77,28,26,23,22,21,29,50,20,167,19,81,26,22,21,22
2
81,28,26,23,22,21,29,50,20,180,19,81,26,22,21,22
2
81,28,26,23,22,21,29,50,20,190,19,84,26,22,21,22
2
81,28,26,23,22,21,29,50,20,187,19,84,26,22,21,22
2
81,28,26,23,22,21,29,50,20,184,19,84,26,22,21,22
2
84,28,26,23,22,21,29,53,20,203,19,84,26,22,21,22
2
84,28,26,23,22,21,32,53,20,186,19,84,26,22,21,22
2
84,28,26,23,22,21,32,53,20,187,19,84,26,22,21,22
2
84,28,26,23,22,21,32,53,20,180,19,84,26,22,21,22
2
84,28,26,23,22,21,32,53,20,200,19,84,26,22,21,22
2
84,28,26,23,22,21,32,53,20,184,19,84,26,22,21,22
2
84,28,26,23,22,21,32,53,20,189,19,84,26,22,21,22
2
84,28,26,23,22,21,32,53,20,193,19,84,26,22,21,22
2
84,28,26,23,22,21,32,53,20,197,19,84,26,22,21,22
2
84,28,26,23,22,21,29,53,20,191,19,84,26,22,21,22
2
84,28,26,23,22,21,29,53,20,183,19,84,26,22,21,22
2
81,28,26,23,22,21,29,50,20,170,19,81,26,22,21,22
2
78,28,26,23,22,21,29,50,20,157,19,78,26,22,21,22
2
74,28,26,23,22,21,35,47,20,141,19,75,26,22,21,22
2
74,28,26,23,22,21,35,47,20,138,19,75,26,22,21,22
2
74,28,26,23,22,21,35,47,20,137,19,72,26,22,21,22
2
74,28,26,23,22,21,32,47,20,136,19,72,26,22,21,22
2
67,28,26,23,22,21,32,44,20,125,19,66,26,22,21,22
2
74,28,26,23,22,21,32,44,20,141,19,73,26,22,21,22
2
74,28,26,23,22,21,32,44,20,137,19,73,26,22,21,22
2
74,28,26,23,22,21,32,47,20,140,19,73,26,22,21,22
2
74,28,26,23,22,21,29,47,20,146,19,76,26,22,21,22
2
74,28,26,23,22,21,29,47,20,142,19,76,26,22,21,22
2
71,28,26,23,22,21,32,47,20,138,19,72,26,22,21,22
2
74,28,26,23,22,21,32,47,20,138,19,75,26,22,21,22
2
74,28,26,23,22,21,32,47,20,134,19,72,26,22,21,22
2
74,28,26,23,22,21,35,47,20,134,19,72,26,22,21,22
2
74,28,26,23,22,21,35,47,20,138,19,75,26,22,21,22
2
74,28,26,23,22,21,35,47,20,134,19,72,26,22,21,22
2
71,28,26,23,22,21,35,44,20,131,19,72,26,22,21,22
2
74,28,26,23,22,21,35,44,20,134,19,72,26,22,21,22
2
74,28,26,23,22,21,35,44,20,134,19,75,26,22,21,22
2
74,28,26,23,22,21,35,44,20,130,19,72,26,22,21,22
2
74,28,26,23,22,21,35,44,20,133,19,72,26,22,21,22
2
77,28,26,23,22,21,35,44,20,142,19,75,26,22,21,22
2
78,28,26,23,22,21,32,48,20,150,19,78,26,22,21,22
2
78,28,26,23,22,21,32,48,20,153,19,78,26,22,21,22
2
78,28,26,23,22,21,32,48,20,146,19,78,26,22,21,22
2
75,28,26,23,22,21,32,48,20,142,19,75,26,22,21,22
2
78,28,26,23,22,21,32,48,20,150,19,78,26,22,21,22
2
78,28,26,23,22,21,32,48,20,158,19,81,26,22,21,22
2
78,28,26,23,22,21,32,48,20,150,19,78,26,22,21,22
2
78,28,26,23,22,21,32,48,20,153,19,78,26,22,21,22
2
78,28,26,23,22,21,32,48,20,149,19,78,26,22,21,22
2
78,28,26,23,22,21,32,48,20,146,19,78,26,22,21,22
2
78,28,26,23,22,21,32,48,20,150,19,78,26,22,21,22
2
78,28,26,23,22,21,32,48,20,155,19,78,26,22,21,22
2
78,28,26,23,22,21,32,48,20,158,19,81,26,22,21,22
2
78,28,26,23,22,21,32,48,20,149,19,78,26,22,21,22
2
79,28,26,23,22,21,32,48,20,159,19,78,26,22,21,22
2
71,28,26,23,22,21,35,45,20,133,19,72,26,22,21,22
2
71,28,26,23,22,21,32,45,20,139,19,72,26,22,21,22
2
74,28,26,23,22,21,32,45,20,139,19,72,26,22,21,22
2
80,28,26,23,22,21,32,45,20,159,19,78,26,22,21,22
2
77,28,26,23,22,21,32,45,20,151,19,78,26,22,21,22
2
77,28,26,23,22,21,32,45,20,146,19,78,26,22,21,22
2
77,28,26,23,22,21,32,45,20,149,19,78,26,22,21,22
2
77,28,26,23,22,21,32,45,20,157,19,78,26,22,21,22
2
77,28,26,23,22,21,29,45,20,157,19,78,26,22,21,22
2
77,28,26,23,22,21,50,52,20,157,19,85,26,22,21,22
2
77,28,26,23,22,21,47,52,20,153,19,85,26,22,21,22
2
80,28,26,23,22,21,44,55,20,164,19,88,26,22,21,22
2
77,28,26,23,22,21,44,51,20,147,19,83,26,22,21,22
2
77,28,26,23,22,21,44,51,20,151,19,83,26,22,21,22
2
74,28,26,23,22,21,44,51,20,142,19,78,26,22,21,22
2
74,28,26,23,22,21,44,51,20,145,19,81,26,22,21,22
2
77,28,26,23,22,21,44,51,20,148,19,81,26,22,21,22
2
71,28,26,23,22,21,44,48,20,138,19,75,26,22,21,22
2
74,28,26,23,22,21,44,48,20,145,19,82,26,22,21,22
2
81,28,26,23,22,21,47,57,20,165,19,89,26,22,21,22
2
81,28,26,23,22,21,44,57,20,158,19,89,26,22,21,22
2
81,28,26,23,22,21,44,60,20,164,19,92,26,22,21,22
2
75,28,26,23,22,21,41,51,20,136,19,81,26,22,21,22
2
71,28,26,23,22,21,41,49,20,134,19,76,26,22,21,22
2
75,28,26,23,22,21,44,52,20,143,19,81,26,22,21,22
2
75,28,26,23,22,21,44,52,20,146,19,81,26,22,21,22
2
70,28,26,23,22,21,44,46,20,128,19,72,26,22,21,22
2
66,25,26,23,22,21,41,42,20,118,19,65,26,22,21,22
2
59,25,26,23,22,21,41,39,20,110,19,58,26,22,21,22
2
75,25,26,23,22,21,41,50,20,142,19,79,26,22,21,22
2
67,25,26,23,22,21,41,42,20,121,19,67,26,22,21,22
2
64,25,26,23,22,21,41,42,20,118,19,64,26,22,21,22
2
64,25,26,23,22,21,41,42,20,121,19,67,26,22,21,22
2
64,25,26,23,22,21,41,42,20,113,19,64,26,22,21,22
2
64,25,26,23,22,21,41,42,20,120,19,67,26,22,21,22
2
61,25,26,23,22,21,41,39,20,112,19,61,26,22,21,22
2
55,25,26,23,22,21,38,36,20,98,19,54,23,22,21,22
2
68,25,26,23,22,21,41,46,20,120,19,70,23,22,21,22
2
71,25,26,23,22,21,41,46,20,128,19,74,23,22,21,22
2
71,25,26,23,22,21,41,46,20,134,19,77,23,22,21,22
2
71,25,26,23,22,21,41,46,20,134,19,74,23,22,21,22
2
71,25,26,23,22,21,41,46,20,130,19,74,23,22,21,22
2
71,25,26,23,22,21,41,46,20,130,19,71,23,22,21,22
2
68,25,26,23,22,21,41,46,20,127,19,71,23,22,21,22
2
68,25,26,23,22,21,41,43,20,124,19,68,23,22,21,22
2
65,25,26,23,22,21,41,43,20,121,19,68,23,22,21,22
2
65,25,26,23,22,21,41,43,20,125,19,68,23,22,21,22
2
68,25,26,23,22,21,41,43,20,128,19,68,23,22,21,22
2
58,25,26,23,22,21,38,37,20,106,19,58,23,22,21,22
2
64,25,26,23,22,21,41,40,20,118,19,65,23,22,21,22
2
64,25,26,23,22,21,41,40,20,117,19,64,23,22,21,22
2
64,25,26,23,22,21,41,43,20,122,19,67,23,22,21,22
2
61,25,26,23,22,21,41,39,20,112,19,61,23,22,21,22
2
65,25,26,23,22,21,41,42,20,122,19,67,23,22,21,22
2
68,25,26,23,22,21,41,45,20,129,19,70,23,22,21,22
2
75,25,26,23,22,21,41,48,20,139,19,77,23,22,21,22
2
64,25,26,23,22,21,41,41,20,125,19,65,23,22,21,22
2
77,25,26,23,22,21,44,51,20,153,19,80,26,22,21,22
2
69,25,26,23,22,21,41,44,20,137,19,71,26,22,21,22
2
69,25,26,23,22,21,41,44,20,143,19,71,26,22,21,22
2
69,25,26,23,22,21,41,44,20,147,19,71,26,22,21,22
2
69,25,26,23,22,21,41,44,20,142,19,71,26,22,21,22
2
72,25,26,23,22,21,41,47,20,149,19,74,26,22,21,22
2
72,25,26,23,22,21,41,47,20,156,19,76,26,22,21,22
2
82,28,26,23,22,21,53,62,20,214,19,96,26,25,21,22
2
82,28,26,23,22,21,50,59,20,180,19,89,26,25,21,22
2
82,28,26,23,22,21,50,56,20,180,19,89,26,25,21,22
2
78,28,26,23,22,21,47,54,20,167,19,86,26,25,21,22
2
78,28,26,23,22,21,47,51,20,159,19,82,26,25,21,22
2
78,28,26,23,22,21,47,54,20,164,19,85,26,25,21,22
2
78,28,26,23,22,21,47,52,20,163,19,83,26,25,21,22
2
75,28,26,23,22,21,47,52,20,154,19,80,26,25,21,22
2
60,25,26,23,22,21,41,39,20,121,19,60,26,22,21,22
2
63,25,26,23,22,21,41,39,20,121,19,64,26,22,21,22
2
63,25,26,23,22,21,41,39,20,121,19,60,26,22,21,22
2
69,25,26,23,22,21,41,45,20,136,19,71,26,22,21,22
2
66,25,26,23,22,21,41,42,20,131,19,66,26,22,21,22
2
65,25,26,23,22,21,44,41,20,124,19,65,26,22,21,22
2
58,25,26,23,22,21,41,39,20,115,19,61,26,22,21,22
2
58,25,26,23,22,21,41,39,20,112,19,58,26,22,21,22
2
55,25,26,23,22,21,41,36,20,105,19,55,23,22,21,22
2
59,25,26,23,22,21,41,36,20,112,19,60,23,22,21,22
2
51,25,26,23,22,21,38,33,17,95,19,49,23,22,21,22
2
51,25,26,23,22,21,38,33,17,98,19,49,23,22,21,22
2
59,25,26,23,22,21,41,37,17,114,19,59,23,22,21,22
2
55,25,26,23,22,21,41,37,17,105,19,54,23,22,21,22
2
77,25,26,23,22,21,48,55,20,164,19,88,26,22,21,22
2
80,28,26,23,22,21,48,55,20,170,19,88,26,22,21,22
2
77,28,26,23,22,21,48,55,20,158,19,85,26,22,21,22
2
77,28,26,23,22,21,45,52,20,155,19,85,26,22,21,22
2
73,28,26,23,22,21,45,49,20,137,19,78,26,22,21,22
2
73,28,26,23,22,21,45,49,20,143,19,82,26,22,21,22
2
76,28,26,23,22,21,45,49,20,146,19,82,26,22,21,22
2
76,28,26,23,22,21,45,52,20,146,19,82,26,22,21,22
2
79,28,26,23,22,21,45,55,20,162,19,86,26,22,21,22
2
79,28,26,23,22,21,45,55,20,157,19,86,26,22,21,22
2
79,28,26,23,22,21,45,55,20,162,19,86,26,22,21,22
2
73,28,26,23,22,21,45,49,20,135,19,79,26,22,21,22
2
76,28,26,23,22,21,45,52,20,146,19,83,26,22,21,22
2
73,28,26,23,22,21,45,52,20,145,19,83,26,22,21,22
2
73,28,26,23,22,21,45,52,20,142,19,83,26,22,21,22
2
76,28,26,23,22,21,45,52,20,147,19,83,26,22,21,22
2
73,28,26,23,22,21,45,52,20,138,19,80,26,22,21,22
2
76,28,26,23,22,21,45,52,20,147,19,83,26,22,21,22
2
76,28,26,23,22,21,45,52,20,150,19,83,26,22,21,22
2
76,28,26,23,22,21,45,52,20,145,19,83,26,22,21,22
2
76,28,26,23,22,21,45,52,20,139,19,80,26,22,21,22
2
76,28,26,23,22,21,45,52,20,143,19,83,26,22,21,22
2
76,28,26,23,22,21,45,52,20,146,19,83,26,22,21,22
2
76,28,26,23,22,21,45,52,20,139,19,80,26,22,21,22
2
73,28,26,23,22,21,45,49,20,136,19,80,26,22,21,22
2
70,28,26,23,22,21,45,49,20,129,19,76,26,22,21,22
2
74,28,26,23,22,21,45,49,20,138,19,81,26,22,21,22
2
74,28,26,23,22,21,45,49,20,141,19,81,26,22,21,22
2
77,28,26,23,22,21,45,52,20,144,19,81,26,22,21,22
2
77,28,26,23,22,21,45,52,20,140,19,81,26,22,21,22
2
77,28,26,23,22,21,42,52,20,140,19,81,26,22,21,22
2
77,28,26,23,22,21,42,52,20,144,19,84,26,22,21,22
2
74,28,26,23,22,21,42,49,20,135,19,81,26,22,21,22
2
74,28,26,23,22,21,42,49,20,139,19,81,26,22,21,22
2
74,28,26,23,22,21,42,49,20,136,19,81,26,22,21,22
2
74,28,26,23,22,21,42,49,20,133,19,81,26,22,21,22
2
74,28,26,23,22,21,42,49,20,138,19,81,26,22,21,22
2
74,28,26,23,22,21,42,49,20,141,19,81,26,22,21,22
2
74,28,26,23,22,21,42,49,20,137,19,81,26,22,21,22
2
65,25,26,23,22,21,42,46,20,123,19,73,26,22,21,22
2
68,25,26,23,22,21,45,49,20,133,19,76,26,22,21,22
2
72,25,26,23,22,21,45,49,20,136,19,79,26,22,21,22
2
75,25,26,23,22,21,45,49,20,142,19,82,26,22,21,22
2
78,25,26,23,22,21,45,54,20,159,19,87,26,22,21,22
2
78,25,26,23,22,21,45,54,20,155,19,87,26,22,21,22
2
78,25,26,23,22,21,45,54,20,152,19,87,26,22,21,22
2
75,25,26,23,22,21,45,50,20,135,19,79,26,22,21,22
2
72,25,26,23,22,21,45,50,20,135,19,79,26,22,21,22
2
72,25,26,23,22,21,45,50,20,138,19,79,26,22,21,22
2
75,25,26,23,22,21,45,50,20,138,19,82,26,22,21,22
2
75,25,26,23,22,21,45,50,20,134,19,82,26,22,21,22
2
71,25,26,23,22,21,45,50,20,130,19,79,26,22,21,22
2
80,28,26,23,22,21,45,57,20,161,19,89,26,22,21,22
2
80,28,26,23,22,21,45,57,20,157,19,89,26,22,21,22
2
80,28,26,23,22,21,45,54,20,157,19,89,26,22,21,22
2
80,28,26,23,22,21,45,54,20,161,19,89,26,22,21,22
2
77,28,26,23,22,21,42,54,20,147,19,86,26,22,21,22
2
74,28,26,23,22,21,42,51,20,134,19,80,26,22,21,22
2
74,28,26,23,22,21,42,48,20,131,19,80,26,22,21,22
2
74,28,26,23,22,21,42,48,20,134,19,80,26,22,21,22
2
74,28,26,23,22,21,42,51,20,138,19,80,26,22,21,22
2
77,28,26,23,22,21,42,54,20,151,19,86,26,22,21,22
2
74,28,26,23,22,21,42,51,20,142,19,82,26,22,21,22
2
76,28,26,23,22,21,42,51,20,150,19,84,26,22,21,22
2
76,28,26,23,22,21,42,54,20,150,19,84,26,22,21,22
2
76,28,26,23,22,21,42,54,20,147,19,84,26,22,21,22
2
76,28,26,23,22,21,42,54,20,150,19,84,26,22,21,22
2
76,28,26,23,22,21,42,54,20,147,19,87,26,22,21,22
2
76,28,26,23,22,21,42,51,20,141,19,85,26,22,21,22
2
76,28,26,23,22,21,42,51,20,136,19,81,26,22,21,22
2
73,28,26,23,22,21,42,48,20,128,19,77,26,22,21,22
2
73,28,26,23,22,21,42,48,20,135,19,80,26,22,21,22
2
73,28,26,23,22,21,42,51,20,138,19,80,26,22,21,22
2
73,28,26,23,22,21,42,51,20,138,19,83,26,22,21,22
2
73,28,26,23,22,21,42,51,20,135,19,79,26,22,21,22
2
76,28,26,23,22,21,42,51,20,144,19,83,26,22,21,22
2
79,28,26,23,22,21,42,54,20,151,19,86,26,22,21,22
2
79,28,26,23,22,21,42,54,20,146,19,86,26,22,21,22
2
